<?xml version="1.0" encoding="UTF-8"?><!--
        *** GENERATED FROM jax-ws.xml - DO NOT EDIT !                             ***
        *** TO MODIFY wsimport options USE Web Service node -> Edit WS Attributes ***
        *** TO CHANGE TARGETS GENERATED TO jaxws-build.xml COPY THOSE             ***
        *** TARGETS TO ../build.xml AND MODIFY THAT FILE INSTEAD                  ***

        --><project xmlns:xalan="http://xml.apache.org/xslt" xmlns:webproject2="http://www.netbeans.org/ns/web-project/2" xmlns:jaxws="http://www.netbeans.org/ns/jax-ws/1">
    <!--
                ===================
                JAX-WS WSGEN SECTION
                ===================
            -->
    <!--
                ===================
                JAX-WS WSIMPORT SECTION
                ===================
            -->
    <target name="wsimport-init" depends="init">
        <fail if="${wsimport.bad.version}" message="WsImport ant task defined in the classpath ${j2ee.platform.wsimport.classpath} has a serious bug. See http://wiki.netbeans.org/MetroIssue for details."/>
        <mkdir dir="${build.generated.sources.dir}/jax-ws"/>
        <property name="j2ee.platform.wsimport.classpath" value="${libs.jaxws21.classpath}"/>
        <taskdef name="wsimport" classname="com.sun.tools.ws.ant.WsImport">
            <classpath path="${java.home}/../lib/tools.jar:${j2ee.platform.wsimport.classpath}:${javac.classpath}"/>
        </taskdef>
        <condition property="conf-dir" value="${conf.dir}/" else="">
            <isset property="conf.dir"/>
        </condition>
    </target>
    <target name="wsimport-client-PlayerFacade" depends="wsimport-init">
        <mkdir dir="${build.generated.dir}/jax-wsCache/PlayerFacade"/>
        <wsimport sourcedestdir="${build.generated.dir}/jax-wsCache/PlayerFacade" destdir="${build.generated.dir}/jax-wsCache/PlayerFacade" wsdl="${basedir}/${conf-dir}xml-resources/web-service-references/PlayerFacade/wsdl/localhost_8080/PlayerFacadeService/PlayerFacade.wsdl" catalog="catalog.xml" encoding="${source.encoding}" extension="true" verbose="true" fork="false" wsdlLocation="http://localhost:8080/PlayerFacadeService/PlayerFacade?WSDL" xnocompile="true" xendorsed="true" package="ws">
            <depends file="${basedir}/${conf-dir}xml-resources/web-service-references/PlayerFacade/wsdl/localhost_8080/PlayerFacadeService/PlayerFacade.wsdl"/>
            <produces dir="${build.generated.dir}/jax-wsCache/PlayerFacade"/>
        </wsimport>
        <copy todir="${build.generated.sources.dir}/jax-ws">
            <fileset dir="${build.generated.dir}/jax-wsCache/PlayerFacade">
                <include name="**/*.java"/>
            </fileset>
        </copy>
    </target>
    <target name="wsimport-client-clean-PlayerFacade" depends="-init-project">
        <delete dir="${build.generated.sources.dir}/jax-ws/ws"/>
        <delete dir="${build.generated.dir}/jax-wsCache/PlayerFacade"/>
    </target>
    <target name="wsimport-client-QuestionFacade" depends="wsimport-init">
        <mkdir dir="${build.generated.dir}/jax-wsCache/QuestionFacade"/>
        <wsimport sourcedestdir="${build.generated.dir}/jax-wsCache/QuestionFacade" destdir="${build.generated.dir}/jax-wsCache/QuestionFacade" wsdl="${basedir}/${conf-dir}xml-resources/web-service-references/QuestionFacade/wsdl/localhost_8080/QuestionFacadeService/QuestionFacade.wsdl" catalog="catalog.xml" encoding="${source.encoding}" extension="true" verbose="true" fork="false" wsdlLocation="http://localhost:8080/QuestionFacadeService/QuestionFacade?WSDL" xnocompile="true" xendorsed="true" package="servlets">
            <depends file="${basedir}/${conf-dir}xml-resources/web-service-references/QuestionFacade/wsdl/localhost_8080/QuestionFacadeService/QuestionFacade.wsdl"/>
            <produces dir="${build.generated.dir}/jax-wsCache/QuestionFacade"/>
        </wsimport>
        <copy todir="${build.generated.sources.dir}/jax-ws">
            <fileset dir="${build.generated.dir}/jax-wsCache/QuestionFacade">
                <include name="**/*.java"/>
            </fileset>
        </copy>
    </target>
    <target name="wsimport-client-clean-QuestionFacade" depends="-init-project">
        <delete dir="${build.generated.sources.dir}/jax-ws/servlets"/>
        <delete dir="${build.generated.dir}/jax-wsCache/QuestionFacade"/>
    </target>
    <target name="wsimport-client-PlayerFacade_1" depends="wsimport-init">
        <mkdir dir="${build.generated.dir}/jax-wsCache/PlayerFacade_1"/>
        <wsimport sourcedestdir="${build.generated.dir}/jax-wsCache/PlayerFacade_1" destdir="${build.generated.dir}/jax-wsCache/PlayerFacade_1" wsdl="${basedir}/${conf-dir}xml-resources/web-service-references/PlayerFacade_1/wsdl/localhost_8080/PlayerFacadeService/PlayerFacade.wsdl" catalog="catalog.xml" encoding="${source.encoding}" extension="true" verbose="true" fork="false" wsdlLocation="http://localhost:8080/PlayerFacadeService/PlayerFacade?WSDL" xnocompile="true" xendorsed="true" package="PlayerWS">
            <depends file="${basedir}/${conf-dir}xml-resources/web-service-references/PlayerFacade_1/wsdl/localhost_8080/PlayerFacadeService/PlayerFacade.wsdl"/>
            <produces dir="${build.generated.dir}/jax-wsCache/PlayerFacade_1"/>
        </wsimport>
        <copy todir="${build.generated.sources.dir}/jax-ws">
            <fileset dir="${build.generated.dir}/jax-wsCache/PlayerFacade_1">
                <include name="**/*.java"/>
            </fileset>
        </copy>
    </target>
    <target name="wsimport-client-clean-PlayerFacade_1" depends="-init-project">
        <delete dir="${build.generated.sources.dir}/jax-ws/PlayerWS"/>
        <delete dir="${build.generated.dir}/jax-wsCache/PlayerFacade_1"/>
    </target>
    <target name="wsimport-client-QuestionFacade_1" depends="wsimport-init">
        <mkdir dir="${build.generated.dir}/jax-wsCache/QuestionFacade_1"/>
        <wsimport sourcedestdir="${build.generated.dir}/jax-wsCache/QuestionFacade_1" destdir="${build.generated.dir}/jax-wsCache/QuestionFacade_1" wsdl="${basedir}/${conf-dir}xml-resources/web-service-references/QuestionFacade_1/wsdl/localhost_8080/QuestionFacadeService/QuestionFacade.wsdl" catalog="catalog.xml" encoding="${source.encoding}" extension="true" verbose="true" fork="false" wsdlLocation="http://localhost:8080/QuestionFacadeService/QuestionFacade?WSDL" xnocompile="true" xendorsed="true" package="QuestionWS">
            <depends file="${basedir}/${conf-dir}xml-resources/web-service-references/QuestionFacade_1/wsdl/localhost_8080/QuestionFacadeService/QuestionFacade.wsdl"/>
            <produces dir="${build.generated.dir}/jax-wsCache/QuestionFacade_1"/>
        </wsimport>
        <copy todir="${build.generated.sources.dir}/jax-ws">
            <fileset dir="${build.generated.dir}/jax-wsCache/QuestionFacade_1">
                <include name="**/*.java"/>
            </fileset>
        </copy>
    </target>
    <target name="wsimport-client-clean-QuestionFacade_1" depends="-init-project">
        <delete dir="${build.generated.sources.dir}/jax-ws/QuestionWS"/>
        <delete dir="${build.generated.dir}/jax-wsCache/QuestionFacade_1"/>
    </target>
    <target name="wsimport-client-PlayerStatisticsFacade" depends="wsimport-init">
        <mkdir dir="${build.generated.dir}/jax-wsCache/PlayerStatisticsFacade"/>
        <wsimport sourcedestdir="${build.generated.dir}/jax-wsCache/PlayerStatisticsFacade" destdir="${build.generated.dir}/jax-wsCache/PlayerStatisticsFacade" wsdl="${basedir}/${conf-dir}xml-resources/web-service-references/PlayerStatisticsFacade/wsdl/localhost_8080/PlayerStatisticsFacadeService/PlayerStatisticsFacade.wsdl" catalog="catalog.xml" encoding="${source.encoding}" extension="true" verbose="true" fork="false" wsdlLocation="http://localhost:8080/PlayerStatisticsFacadeService/PlayerStatisticsFacade?WSDL" xnocompile="true" xendorsed="true" package="PlayerStatisticsWS">
            <depends file="${basedir}/${conf-dir}xml-resources/web-service-references/PlayerStatisticsFacade/wsdl/localhost_8080/PlayerStatisticsFacadeService/PlayerStatisticsFacade.wsdl"/>
            <produces dir="${build.generated.dir}/jax-wsCache/PlayerStatisticsFacade"/>
        </wsimport>
        <copy todir="${build.generated.sources.dir}/jax-ws">
            <fileset dir="${build.generated.dir}/jax-wsCache/PlayerStatisticsFacade">
                <include name="**/*.java"/>
            </fileset>
        </copy>
    </target>
    <target name="wsimport-client-clean-PlayerStatisticsFacade" depends="-init-project">
        <delete dir="${build.generated.sources.dir}/jax-ws/PlayerStatisticsWS"/>
        <delete dir="${build.generated.dir}/jax-wsCache/PlayerStatisticsFacade"/>
    </target>
    <target name="wsimport-client-CategoryFacade" depends="wsimport-init">
        <mkdir dir="${build.generated.dir}/jax-wsCache/CategoryFacade"/>
        <wsimport sourcedestdir="${build.generated.dir}/jax-wsCache/CategoryFacade" destdir="${build.generated.dir}/jax-wsCache/CategoryFacade" wsdl="${basedir}/${conf-dir}xml-resources/web-service-references/CategoryFacade/wsdl/localhost_8080/CategoryFacadeService/CategoryFacade.wsdl" catalog="catalog.xml" encoding="${source.encoding}" extension="true" verbose="true" fork="false" wsdlLocation="http://localhost:8080/CategoryFacadeService/CategoryFacade?WSDL" xnocompile="true" xendorsed="true" package="CategoryWS">
            <depends file="${basedir}/${conf-dir}xml-resources/web-service-references/CategoryFacade/wsdl/localhost_8080/CategoryFacadeService/CategoryFacade.wsdl"/>
            <produces dir="${build.generated.dir}/jax-wsCache/CategoryFacade"/>
        </wsimport>
        <copy todir="${build.generated.sources.dir}/jax-ws">
            <fileset dir="${build.generated.dir}/jax-wsCache/CategoryFacade">
                <include name="**/*.java"/>
            </fileset>
        </copy>
    </target>
    <target name="wsimport-client-clean-CategoryFacade" depends="-init-project">
        <delete dir="${build.generated.sources.dir}/jax-ws/CategoryWS"/>
        <delete dir="${build.generated.dir}/jax-wsCache/CategoryFacade"/>
    </target>
    <target name="wsimport-client-generate" depends="wsimport-client-PlayerFacade, wsimport-client-QuestionFacade, wsimport-client-PlayerFacade_1, wsimport-client-QuestionFacade_1, wsimport-client-PlayerStatisticsFacade, wsimport-client-CategoryFacade"/>
</project>
