<?xml version="1.0" encoding="UTF-8" standalone="no"?>
<catalog xmlns="urn:oasis:names:tc:entity:xmlns:xml:catalog" prefer="system">
    <system systemId="http://localhost:8080/PlayerFacadeService/PlayerFacade?WSDL" uri="wsdl/localhost_8080/PlayerFacadeService/PlayerFacade.wsdl"/>
    <system systemId="http://localhost:8080/PlayerFacadeService/PlayerFacade?xsd=1" uri="wsdl/localhost_8080/PlayerFacadeService/PlayerFacade.xsd_1.xsd"/>
    <system systemId="http://localhost:8080/QuestionFacadeService/QuestionFacade?WSDL" uri="wsdl/localhost_8080/QuestionFacadeService/QuestionFacade.wsdl"/>
    <system systemId="http://localhost:8080/QuestionFacadeService/QuestionFacade?xsd=1" uri="wsdl/localhost_8080/QuestionFacadeService/QuestionFacade.xsd_1.xsd"/>
    <system systemId="http://localhost:8080/PlayerStatisticsFacadeService/PlayerStatisticsFacade?WSDL" uri="wsdl/localhost_8080/PlayerStatisticsFacadeService/PlayerStatisticsFacade.wsdl"/>
    <system systemId="http://localhost:8080/PlayerStatisticsFacadeService/PlayerStatisticsFacade?xsd=1" uri="wsdl/localhost_8080/PlayerStatisticsFacadeService/PlayerStatisticsFacade.xsd_1.xsd"/>
    <system systemId="http://localhost:8080/CategoryFacadeService/CategoryFacade?WSDL" uri="wsdl/localhost_8080/CategoryFacadeService/CategoryFacade.wsdl"/>
    <system systemId="http://localhost:8080/CategoryFacadeService/CategoryFacade?xsd=1" uri="wsdl/localhost_8080/CategoryFacadeService/CategoryFacade.xsd_1.xsd"/>
</catalog>