<?xml version="1.0" encoding="UTF-8"?>
<jax-ws xmlns="http://www.netbeans.org/ns/jax-ws/1">
  <services>
    <service name="CategoryFacade">
      <implementation-class>session.CategoryFacade</implementation-class>
    </service>
    <service name="PlayerStatisticsFacade">
      <implementation-class>session.PlayerStatisticsFacade</implementation-class>
    </service>
    <service name="QuestionFacade">
      <implementation-class>session.QuestionFacade</implementation-class>
    </service>
    <service name="PlayerFacade">
      <implementation-class>session.PlayerFacade</implementation-class>
    </service>
  </services>
  <clients/>
</jax-ws>
